UPRN,id,address,PARENT_UPRN,MATCHED_ABP_E32_ADDRESS,MKEY,
310222,1,39A AIR BALLOON ROAD ST. GEORGE BRISTOL BS5 8LD,,THE CHAPEL LODGE 39 A AIR BALLOON ROAD ST GEORGE BRISTOL BRISTOL BS5 8LD,10,additional text
72013093,2,LOLANO HOUSE 3B BARKER PLACE LEEDS LS134BU,,3 B BARKER PLACE BRAMLEY LEEDS LEEDS LS13 4BU,10,additional text
72325301,3,THE STEPS 9A WESTFIELD LANE KIPPAX LEEDS LS257LY,,9 A WESTFIELD LANE KIPPAX LEEDS LEEDS LS25 7LY,10,additional text
2465107220,4,115A HAREWOOD STREET LEICESTER LE5 3LY,,GROUND FLOOR FLAT 115 A HAREWOOD STREET LEICESTER LEICESTER CITY LE5 3LY,10,additional text
10001125432,5,108A LOWER OLDFIELD PARK BATH BA2 3HS,,108 A LOWER OLDFIELD PARK OLDFIELD PARK BATH BATH AND NORTH EAST SOMERSET BA2 3HS,10,additional text
10002346959,6,PINECOURT 66A ASHBY ROAD KEGWORTH DERBY DE742DJ,,66 A ASHBY ROAD KEGWORTH LEICESTERSHIRE DE74 2DJ,10,additional text
10023110904,7,17D RODNEY ROAD SALTFORD BRISTOL BS313HR,,HAZEL HOUSE 17 D RODNEY ROAD SALTFORD BATH AND NORTH EAST SOMERSET BS31 3HR,10,additional text
10023784474,8,126A FIELD LANE BURTON-ON-TRENT STAFFS DE130NN,,CHA-LE-DALE 126 A FIELD LANE BURTON UPON TRENT STAFFORDSHIRE DE13 0NN,10,additional text
10033736021,9,SAFFRON HOUSE 2A HIGH STREET BARWELL LEICESTER LE9 8DQ,,2 A HIGH STREET BARWELL LEICESTERSHIRE LE9 8DQ,10,additional text
100030324948,10,2 HOWARD STREET DERBY DE236TX,10010684873,PREMISES 2 HOWARD STREET NORMANTON DERBY DERBY DE23 6TX,9,additional text
100030397889,11,BROOKHILL 4A ORCHARD AVENUE GLEN PARVA LEICESTER LE2 9JN,,4 A ORCHARD AVENUE GLEN PARVA LEICESTERSHIRE LE2 9JN,10,additional text
100032005452,12,7 CHAPEL STREET SPONDON DERBY DE217JP,10010685095,THE PRINCE OF WALES 7 CHAPEL STREET SPONDON DERBY DERBY DE21 7JP,9,additional text
100091235890,13,1A TRENT ROAD CHELMSFORD CM1 2LG,,THE MEADS 1 A TRENT ROAD CHELMSFORD ESSEX CM1 2LG,10,additional text
38266073,14,FLAT 79 ROOM A MARYBONE STUDENT VILLAGE LIVERPOOL L3 2BX,38219183,FLAT 79 A - F 7 MARYBONE LIVERPOOL LIVERPOOL L3 2BX,9,complex
121042639,15,2B-2C DEALTRY ROAD LONDON SW156NL,100023314974,FLAT B 2 DEALTRY ROAD LONDON WANDSWORTH SW15 6NL,10,complex
5300003614,16,33A ARUNDEL SQUARE LONDON N7 8AS,10001296644,FLAT A SEE 32-33 33 ARUNDEL SQUARE ISLINGTON LONDON ISLINGTON N7 8AS,10,complex
10022944195,17,74A BOUNDS GREEN ROAD NEW SOUTHGATE LONDON N11 2EU,100023145051,FLAT A 74 74 76 BOUNDS GREEN ROAD WOOD GREEN LONDON LONDON BOROUGH OF HARINGEY N11 2EU,10,complex
24053137,18,THE ELMS CARE HOME BRINSEA CONGRESBURY BRISTOL BS495JL,,THE ELMS NURSING HOME BRINSEA ROAD CONGRESBURY NORTH SOMERSET BS49 5JL,8,diff addr text
83188698,19,LONGLEY EDGE FARM HADE EDGE HOLMFIRTH W YORKSHIRE HD9 2JD,83201626,LONGLEY EDGE FARM LONGLEY LONGLEY LANE HOLMFIRTH KIRKLEES HD9 2JD,8,diff addr text
10006915951,20,NORTH DENE MAIN ROAD BOREHAM CHELMSFORD CM3 3AJ,,NORTH DENE LONDON ROAD HATFIELD PEVEREL ESSEX CM3 3AJ,8,diff locality town
100091256861,21,WOLD HOUSE THREE ASHES CORNER COLD NORTON CHELMSFORD CM3 6JG,,WOLD HOUSE LATCHINGDON ROAD COLD NORTON ESSEX CM3 6JG,8,diff locality town
200000634875,22,OLD FARM WEST NEWTON HULL HU114LP,,THE OLD FARM WEST NEWTON ROAD WEST NEWTON EAST RIDING OF YORKSHIRE HU11 4LP,8,diff locality town
200002737049,23,ROCKLEIGH SOWOOD HILL SOWOOD HALIFAX W YORKSHIRE HX4 9JX,10033878580,ROCKLEIGH SOWOOD HILL STAINLAND ROAD OUTLANE ELLAND CALDERDALE HX4 9JX,8,diff locality town
100071230931,24,THE MANOR HOUSE OVER WHITACRE COLESHILL BIRMINGHAM B46 2NL,,MANOR HOUSE NUNEATON ROAD FURNACE END WARWICKSHIRE B46 2NL,8,different locality
100071454448,25,THE NEWSPUR BUNGALOW GROVELEY CORNER WEST HEATH BIRMINGHAM B31 4UD,,THE NEWSPUR BUNGALOW LONGBRIDGE LANE NORTHFIELD BIRMINGHAM BIRMINGHAM B31 4UD,8,different locality
100071231522,26,THE SCREES DIDGLEY LANE FILLONGLEY COVENTRY CV7 8DQ,,THE SCREES PUMP LANE FILLONGLEY WARWICKSHIRE CV7 8DQ,8,different street
6167957,27,FLAT A 37 ROMAN ROAD LONDON E2 0HU,,37 A ROMAN ROAD LONDON TOWER HAMLETS E2 0HU,10,flat as num suffix
24065134,28,THE FLAT 48A HIGH STREET PORTISHEAD BRISTOL BS206EL,,48 A HIGH STREET PORTISHEAD NORTH SOMERSET BS20 6EL,10,flat as num suffix
38270353,29,3D BUCKINGHAM ROAD LIVERPOOL L13 8AY,38024253,FLAT D 3 BUCKINGHAM ROAD TUEBROOK LIVERPOOL LIVERPOOL L13 8AY,10,flat as num suffix
46062037,30,FLAT A 853 ROMFORD ROAD LONDON E12 5JY,,853 A ROMFORD ROAD MANOR PARK LONDON NEWHAM E12 5JY,10,flat as num suffix
46084196,31,FLAT B 24 HOWARDS ROAD LONDON E13 8AY,,24 B HOWARDS ROAD PLAISTOW LONDON NEWHAM E13 8AY,10,flat as num suffix
72534404,32,6A HARTLEY GROVE LEEDS LS6 2LD,72092461,FLAT A 6 HARTLEY GROVE WOODHOUSE LEEDS LEEDS LS6 2LD,10,flat as num suffix
72536518,33,3A MARLBOROUGH GROVE LEEDS LS2 9AJ,72128727,FLAT A 3 MARLBOROUGH GROVE WOODHOUSE LEEDS LEEDS LS2 9AJ,10,flat as num suffix
72539835,34,8B ROUNDHAY PLACE LEEDS LS8 4DY,72174415,FLAT B 8 ROUNDHAY PLACE CHAPELTOWN LEEDS LEEDS LS8 4DY,10,flat as num suffix
202028679,35,FLAT C 70 WRENTHAM AVENUE LONDON NW103HG,10091061384,70 C WRENTHAM AVENUE LONDON BRENT NW10 3HG,10,flat as num suffix
202037578,36,FLAT B 22 TUBBS ROAD LONDON NW104RE,10091059215,22 B TUBBS ROAD LONDON BRENT NW10 4RE,10,flat as num suffix
202055702,37,FLAT B 137 PURVES ROAD LONDON NW105TH,10091058382,137 B PURVES ROAD LONDON BRENT NW10 5TH,10,flat as num suffix
202055720,38,FLAT D 124 PURVES ROAD LONDON NW105TB,10091058212,124 D PURVES ROAD LONDON BRENT NW10 5TB,10,flat as num suffix
202090438,39,FLAT A 34 HARLEY ROAD LONDON NW108BB,10091059918,34 A HARLEY ROAD LONDON BRENT NW10 8BB,10,flat as num suffix
202090632,40,FLAT A 147 HARLESDEN ROAD LONDON NW102BS,10091058504,147 A HARLESDEN ROAD LONDON BRENT NW10 2BS,10,flat as num suffix
202113033,41,FLAT A 1 CLIFTON ROAD LONDON NW104RB,10091057710,1 A CLIFTON ROAD LONDON BRENT NW10 4RB,10,flat as num suffix
202118268,42,FLAT B 160 CHAMBERLAYNE ROAD LONDON NW103JS,10091058676,160 B CHAMBERLAYNE ROAD LONDON BRENT NW10 3JS,10,flat as num suffix
202131233,43,FLAT B 23 BATHURST GARDENS LONDON NW105JH,10091059235,23 B BATHURST GARDENS LONDON BRENT NW10 5JH,10,flat as num suffix
2465156337,44,102H WELFORD ROAD LEICESTER LE2 7AB,2465156285,FLAT H 102 104 WELFORD ROAD LEICESTER LEICESTER CITY LE2 7AB,10,flat as num suffix
5300001260,45,3A ALMORAH ROAD LONDON N1 3EN,5300001259,FLAT A 3 ALMORAH ROAD ISLINGTON LONDON ISLINGTON N1 3EN,10,flat as num suffix
5300001321,46,22B ALMORAH ROAD LONDON N1 3EU,5300001319,FLAT B 22 ALMORAH ROAD ISLINGTON LONDON ISLINGTON N1 3EU,10,flat as num suffix
5300016180,47,14B CANONBURY SQUARE LONDON N1 2AL,5300016178,FLAT B 14 CANONBURY SQUARE ISLINGTON LONDON ISLINGTON N1 2AL,10,flat as num suffix
5300030023,48,53A ELIZABETH AVENUE LONDON N1 3BQ,5300030022,FLAT A 53 ELIZABETH AVENUE ISLINGTON LONDON ISLINGTON N1 3BQ,10,flat as num suffix
5300030538,49,76B ELMORE STREET LONDON N1 3FN,5300030536,FLAT B 76 ELMORE STREET ISLINGTON LONDON ISLINGTON N1 3FN,10,flat as num suffix
5300031759,50,290C ESSEX ROAD LONDON N1 3AR,5300031756,FLAT C 290 ESSEX ROAD ISLINGTON LONDON ISLINGTON N1 3AR,10,flat as num suffix
5300057023,51,117B LIVERPOOL ROAD LONDON N1 0RG,5300057021,FLAT B 117 LIVERPOOL ROAD ISLINGTON LONDON ISLINGTON N1 0RG,10,flat as num suffix
5300057125,52,159B LIVERPOOL ROAD LONDON N1 0RF,5300057123,FLAT B 159 LIVERPOOL ROAD ISLINGTON LONDON ISLINGTON N1 0RF,10,flat as num suffix
5300062892,53,36A MILDMAY ROAD LONDON N1 4NG,5300062891,FLAT A 36 MILDMAY ROAD ISLINGTON LONDON ISLINGTON N1 4NG,10,flat as num suffix
5300062901,54,40A MILDMAY ROAD LONDON N1 4NG,5300062900,FLAT A 40 MILDMAY ROAD ISLINGTON LONDON ISLINGTON N1 4NG,10,flat as num suffix
5300068657,55,53A OAKLEY ROAD LONDON N1 3LL,5300068656,FLAT A 53 OAKLEY ROAD ISLINGTON LONDON ISLINGTON N1 3LL,10,flat as num suffix
5300077773,56,34A RICHMOND AVENUE LONDON N1 0ND,5300077772,FLAT A 34 RICHMOND AVENUE ISLINGTON LONDON ISLINGTON N1 0ND,10,flat as num suffix
5300085257,57,347A ST JOHN STREET LONDON EC1V4LB,5300085256,FLAT A 347 ST JOHN STREET ISLINGTON LONDON ISLINGTON EC1V 4LB,10,flat as num suffix
5300103612,58,136C MILDMAY ROAD LONDON N1 4NE,5300063150,FLAT C 136 MILDMAY ROAD ISLINGTON LONDON ISLINGTON N1 4NE,10,flat as num suffix
10007029157,59,55D HILLDROP ROAD LONDON N7 0JE,5300047001,FLAT D 55 HILLDROP ROAD ISLINGTON LONDON ISLINGTON N7 0JE,10,flat as num suffix
10008283844,60,90C STOKE NEWINGTON CHURCH ST LONDON N16 0AP,100021075928,FLAT C 90 STOKE NEWINGTON CHURCH STREET HACKNEY LONDON HACKNEY N16 0AP,10,flat as num suffix
10008299307,61,FLAT A 2 COBBLE MEWS MOUNTGROVE ROAD LONDON N5 2LN,,2 A COBBLE MEWS HACKNEY LONDON HACKNEY N5 2LN,10,flat as num suffix
10008327079,62,98C FAIRHOLT ROAD LONDON N16 5HN,100023156066,FLAT C 98 FAIRHOLT ROAD HACKNEY LONDON HACKNEY N16 5HN,10,flat as num suffix
10008985179,63,FLAT B 25 DACRE ROAD LONDON E13 0PT,,25 B DACRE ROAD PLAISTOW LONDON NEWHAM E13 0PT,10,flat as num suffix
10012786188,64,29B ISLINGTON PARK STREET LONDON N1 1QB,5300052782,FLAT B 29 ISLINGTON PARK STREET ISLINGTON LONDON ISLINGTON N1 1QB,10,flat as num suffix
100021054337,65,20B LINGWOOD ROAD LEYTON E5 LEYTON E5 9BN,10008292325,FLAT B 20 LINGWOOD ROAD HACKNEY LONDON HACKNEY E5 9BN,10,flat as num suffix
100021217767,66,1A RIDGE ROAD HORNSEY LONDON N8 9LE,100023208064,BASEMENT FLAT A 1 RIDGE ROAD HORNSEY LONDON LONDON BOROUGH OF HARINGEY N8 9LE,10,flat as num suffix
100021548506,67,FLAT B 496 GREAT WEST ROAD HOUNSLOW TW5 0TE,,496 B GREAT WEST ROAD HOUNSLOW LONDON BOROUGH OF HOUNSLOW TW5 0TE,10,flat as num suffix
100023151091,68,470A WEST GREEN ROAD LONDON N15 3PT,100023151494,FLAT A 470 WEST GREEN ROAD TOTTENHAM LONDON LONDON BOROUGH OF HARINGEY N15 3PT,10,flat as num suffix
200001426575,69,21A SIMONDS ROAD LEYTON E10 7BN,100022957392,FLAT A 21 SIMONDS ROAD LEYTON WALTHAM FOREST E10 7BN,10,flat as num suffix
200004209085,70,FLAT F 38 GARDEN WALK CAMBRIDGE CB4 3EN,,38 F GARDEN WALK CAMBRIDGE CAMBRIDGESHIRE CB4 3EN,10,flat as num suffix
344573,71,FLAT 2 4-14 FISHPONDS ROAD EASTVILLE BRISTOL BS5 6SA,64684,FLAT 2 6 14 FISHPONDS ROAD EASTVILLE BRISTOL BRISTOL BS5 6SA,9,multiple numbers and num range diff in AB
505872,72,OLD SPLOT COTTAGE THE VILLAGE LITTLETON-UPON-SEVERN BRISTOL BS351NR,,OLD SPLOTT COTTAGE VILLAGE ROAD LITTLETON UPON SEVERN SOUTH GLOUCESTERSHIRE BS35 1NR,8,no numbers
10002342440,73,THE SPINDLES TONGE MELBOURNE DERBY DE738BD,,THE SPINDLES MOOR LANE TONGE LEICESTERSHIRE DE73 8BD,8,no street
10003191815,74,FURZE HILL HOUSE HILDERSHAM CAMBRIDGE CB216BU,,FURZE HILL HOUSE HIGH STREET HILDERSHAM CAMBRIDGESHIRE CB21 6BU,8,no street
10008080458,75,BROOK BARN HOUSE PAPWORTH SAINT AGNES CAMBRIDGE CB233QU,,BROOK BARN HOUSE THE MAIN ROAD PAPWORTH ST AGNES CAMBRIDGESHIRE CB23 3QU,8,no street
10008690022,76,CELTIC COTTAGE WETHERAL CARLISLE CA4 8ES,,CELTIC COTTAGE STATION ROAD WETHERAL CUMBRIA CA4 8ES,8,no street
10023582897,77,HUNT COTTAGE ARROW ALCESTER WARKS B49 5PW,,HUNT COTTAGE MAIN STREET ARROW WARWICKSHIRE B49 5PW,8,no street
200000910406,78,WALTON HALL PURLEIGH CHELMSFORD CM3 6PS,,WALTON HALL WALTON HALL LANE PURLEIGH ESSEX CM3 6PS,8,no street
200001710332,79,TIDES PORTHILLY ROCK WADEBRIDGE CORNWALL PL276JX,,TIDES PORTHILLY LANE ROCK WADEBRIDGE CORNWALL PL27 6JX,8,no street
200001743994,80,MIDDLE ROAD FARM HINTON BLEWETT TEMPLE CLOUD BRISTOL BS395AP,,MIDDLE ROAD FARM BACK LANE HINTON BLEWETT BRISTOL BATH AND NORTH EAST SOMERSET BS39 5AP,8,no street
200003814141,81,STOWLANGTOFT HALL NURSING HOME STOWLANGTOFT BURY ST EDMUNDS SUFFOLK IP313JY,,STOWLANGTOFT HALL NURSING HOME KILN LANE STOWLANGTOFT SUFFOLK IP31 3JY,8,no street
10001199943,82,THE BARN AT NEWMILL NEW MILL TRURO CORNWALL TR4 9EU,,THE BARN NEW MILLS LANE TRURO CORNWALL TR4 9EU,8,no street repeating words
84855,83,43 JAMAICA STREET STOKES CROFT BRISTOL BS2 8JP,,41 43 JAMAICA STREET KINGSDOWN BRISTOL BRISTOL BS2 8JP,9,num range
240393,84,101 REDLAND ROAD REDLAND BRISTOL BS6 6QY,,101 103 REDLAND ROAD REDLAND BRISTOL BRISTOL BS6 6QY,9,num range
5084237,85,FLAT 8 THE CLOISTERS GORDON SQUARE LONDON WC1H0AG,5105887,FLAT 8 THE CLOISTERS 1 13 GORDON SQUARE LONDON CAMDEN WC1H 0AG,9,num range
38095453,86,FLAT 3 41 LOWER BRECK ROAD ANFIELD LIVERPOOL L6 4BX,38219784,FLAT 3 41 43 LOWER BRECK ROAD LIVERPOOL LIVERPOOL L6 4BX,9,num range
83042769,87,101 SPRINGDALE STREET THORNTON LODGE HUDDERSFIELD W YORKSHIRE HD1 3NF,,99 101 SPRINGDALE STREET THORNTON LODGE HUDDERSFIELD KIRKLEES HD1 3NF,9,num range
83051289,88,18 UNDERBANK OLD ROAD HOLMFIRTH W YORKSHIRE HD9 1EA,,16 18 UNDERBANK OLD ROAD HOLMFIRTH KIRKLEES HD9 1EA,9,num range
200022972,89,ELLA AND RIDLEY JACOB HOUSE 19-21 CHURCH ROAD LONDON NW4 4EB,,ELLA AND RIDLEY JACOB HOUSE 19 25 CHURCH ROAD HENDON LONDON BARNET NW4 4EB,9,num range
2465119319,90,15 BRADFIELD CLOSE LEICESTER LE5 5FB,,14 15 BRADFIELD CLOSE LEICESTER LEICESTER CITY LE5 5FB,9,num range
2465151255,91,FLAT 2 10 MARKET STREET LEICESTER LE1 6DP,2465060230,FLAT 2 10 12 MARKET STREET LEICESTER LEICESTER CITY LE1 6DP,9,num range
2465160905,92,10 DORSET STREET LEICESTER LE4 6BE,,8 10 DORSET STREET LEICESTER LEICESTER CITY LE4 6BE,9,num range
2465160913,93,2 MARTIN CLOSE LEICESTER LE4 6EW,,2 3 MARTIN CLOSE LEICESTER LEICESTER CITY LE4 6EW,9,num range
5300048588,94,FLAT A 530 HOLLOWAY ROAD LONDON N7 6JD,5300048587,FLAT A 528 530 HOLLOWAY ROAD ISLINGTON LONDON ISLINGTON N7 6JD,9,num range
10001130220,95,36 OLDFIELD ROAD BATH BA2 3ND,,36 37 OLDFIELD ROAD OLDFIELD PARK BATH BATH AND NORTH EAST SOMERSET BA2 3ND,9,num range
10003975394,96,FLAT 4 337 ARCHWAY ROAD HIGHGATE LONDON N6 5AA,100023195091,FLAT 4 337 339 ARCHWAY ROAD HORNSEY LONDON LONDON BOROUGH OF HARINGEY N6 5AA,9,num range
10008234883,97,FLAT 11 39-41 GLOUCESTER DRIVE LONDON N4 2LJ,10008286925,FLAT 11 41 GLOUCESTER DRIVE HACKNEY LONDON HACKNEY N4 2LJ,9,num range
10008311398,98,FLAT 23 SELCRAIG HOUSE 132-136 BOUVERIE ROAD LONDON N16 0AQ,10008311444,FLAT 23 SELCRAIG HOUSE 122 136 BOUVERIE ROAD HACKNEY LONDON HACKNEY N16 0AQ,9,num range
10008329490,99,FLAT 28 RELIANCE WHARF HERTFORD ROAD LONDON N1 5EW,10008239524,FLAT 28 RELIANCE WHARF 2 10 HERTFORD ROAD HACKNEY LONDON HACKNEY N1 5EW,9,num range
10009016140,100,FLAT 4 181 ROMFORD ROAD LONDON E15 4JF,10008993380,FLAT 4 181 183 ROMFORD ROAD STRATFORD LONDON NEWHAM E15 4JF,9,num range
10009457309,101,THE ROYALTY ROWELTOWN CARLISLE CA6 6LR,,THE ROYALTY FROM THE C1001 TO THE C1004 VIA EASTON ROWELTOWN CUMBRIA CA6 6LR,8,num range
10012191596,102,96 MAIN STREET COSSINGTON LEICESTER LE7 4UW,,94 96 MAIN STREET COSSINGTON LEICESTERSHIRE LE7 4UW,9,num range
10090246358,103,FLAT 11 167 HEATHFIELD ROAD HANDSWORTH BIRMINGHAM B19 1JD,100070400825,FLAT 11 167 169 HEATHFIELD ROAD LOZELLS AND EAST HANDSWORTH BIRMINGHAM BIRMINGHAM B19 1JD,9,num range
10090318463,104,FLAT 3 882 BRISTOL ROAD SOUTH NORTHFIELD BIRMINGHAM B31 2NS,100071567020,FLAT 3 882 884 BRISTOL ROAD SOUTH WEOLEY BIRMINGHAM BIRMINGHAM B31 2NS,9,num range
100010903386,105,146 MANCROFT AVENUE BOLTON BL3 3AB,,146 148 MANCROFT AVENUE BOLTON BOLTON BL3 3AB,9,num range
100010938861,106,30 WALDECK STREET BOLTON BL1 3AZ,,28 30 WALDECK STREET BOLTON BOLTON BL1 3AZ,9,num range
100021051847,107,439B KINGSLAND ROAD LONDON E8 4AU,100023016792,FLAT B 439 441 KINGSLAND ROAD HACKNEY LONDON HACKNEY E8 4AU,10,num range
100021055641,108,FLAT 4 164 LORDSHIP ROAD LONDON N16 5HB,100023156056,FLAT 4 162 164 LORDSHIP ROAD HACKNEY LONDON HACKNEY N16 5HB,9,num range
100021079008,109,109B VICTORIA PARK ROAD LONDON E9 7JJ,100023023584,109 B 107 109 VICTORIA PARK ROAD HACKNEY LONDON HACKNEY E9 7JJ,9,num range
100022554104,110,690 HIGH ROAD LEYTON LEYTON E10 6JP,,688 690 HIGH ROAD LEYTON LEYTON WALTHAM FOREST E10 6JP,9,num range
100022755812,111,FLAT 8 69-71 GLOUCESTER TERRACE LONDON W2 3DH,100023478926,FLAT 8 69 GLOUCESTER TERRACE LONDON CITY OF WESTMINSTER W2 3DH,9,num range
100070407036,112,72 HOB MOOR ROAD SMALL HEATH BIRMINGHAM B10 9BU,,68 72 HOB MOOR ROAD BORDESLEY GREEN BIRMINGHAM BIRMINGHAM B10 9BU,9,num range
100070962032,113,75-77 KINGSHURST WAY CHELMSLEY WOOD BIRMINGHAM B37 6EB,,75 KINGSHURST WAY KINGSHURST SOLIHULL SOLIHULL B37 6EB,9,num range
100071308872,114,FLAT 1 34 WOODLAND ROAD NORTHFIELD BIRMINGHAM B31 2HS,100071453434,FLAT 1 32 34 WOODLAND ROAD NORTHFIELD BIRMINGHAM BIRMINGHAM B31 2HS,9,num range
100071387770,115,FAIRLAWNS HOTEL 300-306 HAGLEY ROAD EDGBASTON BIRMINGHAM B17 8DJ,,FAIRLAWNS HOTEL 300 302 HAGLEY ROAD HARBORNE BIRMINGHAM BIRMINGHAM B17 8DJ,9,num range
100071454890,116,MARTINEAU CENTRE 100 BALDEN ROAD HARBORNE BIRMINGHAM B32 2EH,,MARTINEAU CENTRE 74 100 BALDEN ROAD BIRMINGHAM BIRMINGHAM B32 2EH,9,num range
100071488295,117,280-282 BORDESLEY GREEN BORDESLEY GREEN BIRMINGHAM B9 5NA,,282 282 BORDESLEY GREEN NECHELLS BIRMINGHAM BIRMINGHAM B9 5NA,9,num range
200001418051,118,26 KINGSWOOD ROAD LEYTONSTONE E11 1SF,,26 28 KINGSWOOD ROAD LEYTONSTONE WALTHAM FOREST E11 1SF,9,num range
200002552724,119,41 HOLLINS PLODDER LANE FARNWORTH BOLTON BL4 0LF,200002564126,41 42 HOLLINS PLODDER LANE FARNWORTH BOLTON BOLTON BL4 0LF,9,num range
57673,120,ST. OSWALDS COURT 22 ST OSWALDS ROAD REDLAND BRISTOL BS6 7HT,56900,22 ST OSWALDS COURT ST OSWALDS ROAD REDLAND BRISTOL BRISTOL BS6 7HX,4,postcode wrong
660807,121,10 HILL HOUSE ROAD DOWNEND BRISTOL BS165RR,,10 HILL HOUSE ROAD MANGOTSFIELD SOUTH GLOUCESTERSHIRE BS16 5RT,4,postcode wrong
665205,122,FLAT 18 KINGS COURT 148 HANHAM ROAD KINGSWOOD BRISTOL BS158NR,516951,18 KINGS COURT 148 HANHAM ROAD KINGSWOOD SOUTH GLOUCESTERSHIRE BS15 8FH,4,postcode wrong
6193473,123,FLAT 14 DANIEL GILBERT HOUSE 1 CODE STREET LONDON E1 5ER,6002764,FLAT 14 DANIEL GILBERT HOUSE 1 CODE STREET LONDON TOWER HAMLETS E1 5FY,4,postcode wrong
24124933,124,YEW TREE COTTAGES 1 BRINSEA ROAD CONGRESBURY BRISTOL BS495JF,,YEW TREE COTTAGES 1 BRINSEA ROAD CONGRESBURY NORTH SOMERSET BS49 5JH,4,postcode wrong
72000173,125,24 ABERDEEN GROVE LEEDS LS123QY,,24 ABERDEEN GROVE ARMLEY LEEDS LEEDS LS12 3QZ,4,postcode wrong
72661446,126,135 AMBERTON ROAD LEEDS LS9 6SP,,135 AMBERTON ROAD GIPTON LEEDS LEEDS LS9 6SY,4,postcode wrong
217110730,127,FLAT 3 106 FINBOROUGH ROAD LONDON SW109AH,217032178,FLAT 3 106 FINBOROUGH ROAD LONDON KENSINGTON AND CHELSEA SW10 9ED,4,postcode wrong
235044828,128,HOMER HOUSE MONSON STREET LINCOLN LN5 7RZ,,HOMER HOUSE MONSON STREET LINCOLN LINCOLNSHIRE LN5 7SL,4,postcode wrong
235051869,129,FLAT 46 ELLISON HOUSE RUSTON WAY LINCOLN LN6 7BT,235045923,46 ELLISON HOUSE RUSTON WAY LINCOLN LINCOLNSHIRE LN6 7BP,4,postcode wrong
303006584,130,JACKSON HOUSE 5 HONORIUS DRIVE HIGHWOODS COLCHESTER CO4 5GR,303003091,5 JACKSON HOUSE HONORIUS DRIVE COLCHESTER ESSEX CO4 5FR,4,postcode wrong
10002568352,131,LICHFIELD HOUSE 21 RUSTAT AVENUE CAMBRIDGE CB1 3PF,10002568331,21 LICHFIELD HOUSE RUSTAT AVENUE CAMBRIDGE CAMBRIDGESHIRE CB1 3RD,4,postcode wrong
10023488716,132,1 MILL CLOSE MONK FRYSTON LEEDS LS255ED,,1 MILL CLOSE SOUTH MILFORD SELBY NORTH YORKSHIRE LS25 5FJ,4,postcode wrong
10024008782,133,20 HYDE PARK ROAD KINGSWOOD HULL HU7 3AS,,20 HYDE PARK ROAD KINGSTON UPON HULL KINGSTON UPON HULL HU7 3AW,4,postcode wrong
10033605144,134,FLAT 4 81 CUMBERLAND STREET LONDON SW1V4NB,10033605140,FLAT 4 81 CUMBERLAND STREET LONDON CITY OF WESTMINSTER SW1V 3EL,4,postcode wrong
100021928101,135,50 AVONLEY ROAD LONDON SE145DR,,50 AVONLEY ROAD LONDON LEWISHAM SE14 5DS,4,postcode wrong
100071430478,136,FLT10 OAKLEY COURT PRITCHATTS ROAD EDGBASTON BIRMINGHAM B15 2QU,100071570588,FLAT 10 OAKLEY COURT PRITCHATTS ROAD BIRMINGHAM BIRMINGHAM B15 2QW,4,postcode wrong
100081213457,137,THE CEDARS 21 DUNSTABLE STREET AMPTHILL BEDFORD MK452NJ,100081310235,21 THE CEDARS DUNSTABLE STREET AMPTHILL CENTRAL BEDFORDSHIRE MK45 2JZ,4,postcode wrong
100091230715,138,RIVERVIEW BRICKFIELDS ROAD SOUTH WOODHAM FERRERS CHELMSFORD CM3 5XB,,RIVERVIEW BRICKFIELDS ROAD SOUTH WOODHAM FERRERS CHELMSFORD ESSEX CM3 5JX,4,postcode wrong
200003148705,139,THE OLD MITRE BURTON ROAD REPTON DERBY DE656FL,,THE OLD MITRE BURTON ROAD REPTON DERBY DERBYSHIRE DE65 6FH,4,postcode wrong
10013811630,140,PASTURE VIEW MALTKILN ROAD FENTON LINCOLN LN1 2EW,,PASTURE VIEW 19 MALTKILN ROAD FENTON LINCOLN LINCOLNSHIRE LN1 2EW,9,prim num
10091068652,141,FLAT 18 HAMILTON COURT 147 HANWORTH ROAD HOUNSLOW TW3 3TN,10091067932,FLAT 18 HAMILTON COURT HANWORTH ROAD HOUNSLOW LONDON BOROUGH OF HOUNSLOW TW3 3TN,9,prim num
100021026524,142,21 LINCOLN COURT BETHUNE ROAD LONDON N16 5EB,100023648172,21 LINCOLN COURT 115 135 BETHUNE ROAD HACKNEY LONDON HACKNEY N16 5EB,9,prim num
100022286115,143,32 SLADE HOUSE EDGAR ROAD HOUNSLOW TW4 5QF,100023685032,32 SLADE HOUSE 2 EDGAR ROAD WHITTON RICHMOND UPON THAMES TW4 5QF,9,prim num
100022760079,144,FLAT 84 GROVE END GARDENS GROVE END ROAD LONDON NW8 9LP,10033613106,FLAT 84 GROVE END GARDENS 33 GROVE END ROAD LONDON CITY OF WESTMINSTER NW8 9LP,9,prim num
100022778112,145,33 GAYHURST HOUSE 23 MALLORY STREET LONDON NW8 8SY,100023620925,33 GAYHURST HOUSE MALLORY STREET LONDON CITY OF WESTMINSTER NW8 8SY,9,prim num
100022907538,146,12 TIERNEY COURT CANNING ROAD CROYDON CR0 6QA,100023639918,12 TIERNEY COURT 2 CANNING ROAD CROYDON CROYDON CR0 6QA,9,prim num
100023002367,147,7 MONSAL COURT REDWALD ROAD LONDON E5 0JJ,100023651356,7 MONSAL COURT 68 REDWALD ROAD HACKNEY LONDON HACKNEY E5 0JJ,9,prim num
100023002920,148,18 DERBY COURT OVERBURY STREET LONDON E5 0TE,100023651025,18 DERBY COURT 2 OVERBURY STREET HACKNEY LONDON HACKNEY E5 0TE,9,prim num
100030843157,149,BURNSIDE GAS LANE NAVENBY LINCOLN LN5 0EZ,,BURNSIDE 12 GAS LANE NAVENBY LINCOLN LINCOLNSHIRE LN5 0EZ,9,prim num
100030966561,150,OAK HOUSE SAXON WAY INGHAM LINCOLN LN1 2FP,,OAK HOUSE 1 SAXON WAY INGHAM LINCOLN LINCOLNSHIRE LN1 2FP,9,prim num
100071307926,151,31 HAIG PLACE 263 WHEELERS LANE KINGS HEATH BIRMINGHAM B13 0ST,100071570902,31 HAIG PLACE WHEELERS LANE BIRMINGHAM BIRMINGHAM B13 0ST,9,prim num
100080997227,152,8 PORTIA HOUSE SHAKESPEARE ROAD BEDFORD MK402DR,100081334639,8 PORTIA HOUSE 29 SHAKESPEARE ROAD BEDFORD BEDFORD MK40 2DR,9,prim num
100081211713,153,PARKSIDE MILL ROAD HUSBORNE CRAWLEY BEDFORD MK430XF,,PARKSIDE 1 MILL ROAD HUSBORNE CRAWLEY CENTRAL BEDFORDSHIRE MK43 0XF,9,prim num
100090038405,154,THE WINDMILL MILL HILL SWAFFHAM PRIOR CAMBRIDGE CB250JZ,,THE WINDMILL 9 MILL HILL SWAFFHAM PRIOR CAMBRIDGESHIRE CB25 0JZ,9,prim num
100090132061,155,COLLEGE FARM BEECH LANE PAMPISFORD CAMBRIDGE CB223EU,,COLLEGE FARM 17 BEECH LANE PAMPISFORD CAMBRIDGESHIRE CB22 3EU,9,prim num
100090135220,156,WESTON HOUSE CHAPEL ROAD WESTON COLVILLE CAMBRIDGE CB215NX,,WESTON HOUSE 52 CHAPEL ROAD WESTON COLVILLE CAMBRIDGESHIRE CB21 5NX,9,prim num
100091473104,157,THE CHIMES 35 BROOK ROAD ALDHAM COLCHESTER CO6 3RJ,,THE CHIMES BROOK ROAD ALDHAM ESSEX CO6 3RJ,9,prim num
100091474757,158,LANWYN COLCHESTER ROAD ELMSTEAD MARKET COLCHESTER CO7 7EG,,LANWYN 6 COLCHESTER ROAD ELMSTEAD ESSEX CO7 7EG,9,prim num
100110710985,159,COPTHORNE WEAR VIEW DURHAM DH1 1LW,,COPTHORNE 1 WEAR VIEW DURHAM DURHAM DH1 1LW,9,prim num
200002547724,160,INGLENOOK VICTORIA ROAD BOLTON BL1 5AN,,INGLENOOK 24 VICTORIA ROAD BOLTON BOLTON BL1 5AN,9,prim num
200002771193,161,FLAT 8 BIRCH COURT BELLAMY CLOSE GLEN PARVA LEICESTER LE2 9NG,200002962920,FLAT 8 BIRCH COURT 10 BELLAMY CLOSE GLEN PARVA LEICESTERSHIRE LE2 9NG,9,prim num
200004335209,162,WALNUT COTTAGE 2 THE WHARF COOMBE HILL GLOUCESTER GL194BB,,WALNUT COTTAGE THE WHARF COOMBE HILL GLOUCESTER GLOUCESTERSHIRE GL19 4BB,9,prim num
200004485177,163,RIVERSIDE BUNGALOW ALNEY TERRACE GLOUCESTER GL1 2RZ,,RIVERSIDE BUNGALOW 4 ALNEY TERRACE GLOUCESTER GLOUCESTERSHIRE GL1 2RZ,9,prim num
200004637947,164,MULLIONS OLD BELL LANE RETTENDON COMMON CHELMSFORD CM3 8EH,,MULLIONS 13 OLD BELL LANE RETTENDON CHELMSFORD ESSEX CM3 8EH,9,prim num
100021028521,165,202B BROOKE ROAD LONDON E5 8AP,200001073374,202 B 202 BROOKE ROAD HACKNEY LONDON HACKNEY E5 8AP,9,prim num repeated?
100021031484,166,28B CHESHOLM ROAD LONDON N16 0DR,100023154959,28 B 28 CHESHOLM ROAD HACKNEY LONDON HACKNEY N16 0DR,9,prim num repeated?
100021042603,167,7C GASCOYNE ROAD LONDON E9 7BG,100023022954,7 C 7 GASCOYNE ROAD HACKNEY LONDON HACKNEY E9 7BG,9,prim num repeated?
100021050873,168,10B KENTON ROAD LONDON E9 7AB,100021050874,10 B 10 KENTON ROAD HACKNEY LONDON HACKNEY E9 7AB,9,prim num repeated?
100021055489,169,138C LORDSHIP ROAD LONDON N16 0QL,100023155787,138 C 138 LORDSHIP ROAD HACKNEY LONDON HACKNEY N16 0QL,9,prim num repeated?
100021057004,170,73C MALVERN ROAD LONDON E8 3LJ,100023016315,73 C 73 MALVERN ROAD HACKNEY LONDON HACKNEY E8 3LJ,9,prim num repeated?
100021070918,171,8A SARATOGA ROAD LONDON E5 0SJ,100021070919,8 A 8 SARATOGA ROAD HACKNEY LONDON HACKNEY E5 0SJ,9,prim num repeated?
100021072702,172,19A SIGDON ROAD LONDON E8 1AP,10008299037,19 A 19 SIGDON ROAD HACKNEY LONDON HACKNEY E8 1AP,9,prim num repeated?
100021076422,173,167A STOKE NEWINGTON HIGH ST LONDON N16 0NY,100023651943,167 A 167 STOKE NEWINGTON HIGH STREET HACKNEY LONDON HACKNEY N16 0NY,9,prim num repeated?
281824,174,FLAT 18 THE ATRIUM REDCLIFF STREET REDCLIFFE BRISTOL BS1 6LS,110640,FLAT 18 THE ATRIUM 60 REDCLIFF STREET REDCLIFF BRISTOL BRISTOL BS1 6LS,9,primary num
310380,175,HAZELTON COACH HOUSE BROOKFIELD AVENUE BISHOPSTON BRISTOL BS7 8BP,,HAZELTON COACH HOUSE 7 BROOKFIELD AVENUE BISHOPSTON BRISTOL BRISTOL BS7 8BP,9,primary num
349960,176,FLAT 4 UNITY STREET BRISTOL BS1 5HH,259663,FLAT 4 9 UNITY STREET CITY CENTRE BRISTOL BRISTOL BS1 5HH,9,primary num
605566,177,LAMORNA COTTAGE HODDEN LANE PUCKLECHURCH BRISTOL BS169SG,,LAMORNA COTTAGE 1 HODDEN LANE PUCKLECHURCH SOUTH GLOUCESTERSHIRE BS16 9SG,9,primary num
6051227,178,FLAT 23 CONISTON HOUSE SOUTHERN GROVE LONDON E3 4SU,6131181,FLAT 23 CONISTON HOUSE 1 SOUTHERN GROVE LONDON TOWER HAMLETS E3 4SU,9,primary num
6084446,179,FLAT 36 BALFRON TOWER ST LEONARDS RD LONDON E14 0QR,6126390,FLAT 36 BALFRON TOWER 7 ST LEONARDS ROAD LONDON TOWER HAMLETS E14 0QR,9,primary num
6354033,180,FLAT 24 ARTICHOKE HILL LONDON E1W 2BA,6169763,FLAT 24 2 ARTICHOKE HILL LONDON TOWER HAMLETS E1W 2BA,9,primary num
38209403,181,32 EAST QUAY WAPPING QUAY LIVERPOOL L3 4BU,38209400,32 EAST QUAY 2 WAPPING QUAY LIVERPOOL LIVERPOOL L3 4BU,9,primary num
38215865,182,APARTMENT 121 ROYAL QUAY LIVERPOOL L3 4EX,38252723,APARTMENT 121 5 ROYAL QUAY LIVERPOOL LIVERPOOL L3 4EX,9,primary num
38216241,183,6 MILMAN COURT VALE ROAD WOOLTON LIVERPOOL L25 7XB,38216235,6 MILMAN COURT 72 VALE ROAD LIVERPOOL LIVERPOOL L25 7XB,9,primary num
72505815,184,25 OLD SCHOOL LOFTS WHINGATE LEEDS LS123BW,72505791,25 OLD SCHOOL LOFTS 1 67 WHINGATE ARMLEY LEEDS LEEDS LS12 3BW,9,primary num
72651511,185,22 PARK ROW APARTMENTS GREEK STREET LEEDS LS1 5RW,72651489,22 PARK ROW APARTMENTS 8 GREEK STREET LEEDS LEEDS LS1 5RW,9,primary num
72667506,186,52 THE PRIORY 21-23 SPRINGFIELD MOUNT LEEDS LS2 9NG,72667454,52 THE PRIORY SPRINGFIELD MOUNT WOODHOUSE LEEDS LEEDS LS2 9NG,9,primary num
83187288,187,THE GABLES LANE HEAD ROAD SHEPLEY HUDDERSFIELD W YORKSHIRE HD8 8BL,,THE GABLES 176 A LANE HEAD ROAD SHEPLEY HUDDERSFIELD KIRKLEES HD8 8BL,9,primary num
200058960,188,FLAT 68 GREENACRES HENDON LANE FINCHLEY LONDON N3 3SF,200218217,FLAT 68 GREENACRES 75 91 HENDON LANE FINCHLEY LONDON BARNET N3 3SF,9,primary num
200160508,189,FLAT 5 CRESTED COURT SHEARWATER DRIVE LONDON NW9 7AD,200160503,FLAT 5 CRESTED COURT 3 SHEARWATER DRIVE COLINDALE LONDON BARNET NW9 7AD,9,primary num
217097340,190,FLAT 45 BULLINGHAM MANSIONS KENSINGTON CHURCH STREET LONDON W8 4BE,217043135,FLAT 45 BULLINGHAM MANSIONS 33 52 KENSINGTON CHURCH STREET LONDON KENSINGTON AND CHELSEA W8 4BE,9,primary num
2465076735,191,41 VESTRY HOUSE HUMBERSTONE GATE LEICESTER LE1 1WJ,2465076699,41 VESTRY HOUSE 85 HUMBERSTONE GATE LEICESTER LEICESTER CITY LE1 1WJ,9,primary num
5300036676,192,4 TURNPIKE HOUSE GOSWELL ROAD LONDON EC1V7PB,5300036672,4 TURNPIKE HOUSE 240 GOSWELL ROAD ISLINGTON LONDON ISLINGTON EC1V 7PB,9,primary num
5300041574,193,32 HUME COURT HAWES STREET LONDON N1 2EQ,5300041542,32 HUME COURT 28 HAWES STREET ISLINGTON LONDON ISLINGTON N1 2EQ,9,primary num
5300081256,194,4 PRIORY HOUSE SANS WALK LONDON EC1R0LT,5300081252,4 PRIORY HOUSE 3 SANS WALK ISLINGTON LONDON ISLINGTON EC1R 0LT,9,primary num
10000238721,195,TUDOR LODGE BOND STREET HEDON HULL HU128NY,,TUDOR LODGE 35 BOND STREET HEDON EAST RIDING OF YORKSHIRE HU12 8NY,9,primary num
10002569698,196,A15 FORSTER COURT CHARLES BABBAGE ROAD CAMBRIDGE CB3 0FY,10002565065,A15 FORSTER COURT 7 CHARLES BABBAGE ROAD CAMBRIDGE CAMBRIDGESHIRE CB3 0FY,9,primary num
10002569747,197,B28 FORSTER COURT CHARLES BABBAGE ROAD CAMBRIDGE CB3 0FT,10002565065,B28 FORSTER COURT 7 CHARLES BABBAGE ROAD CAMBRIDGE CAMBRIDGESHIRE CB3 0FT,9,primary num
10006506191,198,FIELD HOUSE MAIN STREET NORTH KYME LINCOLN LN4 4DG,,FIELD HOUSE 98 A MAIN STREET NORTH KYME LINCOLN LINCOLNSHIRE LN4 4DG,9,primary num
100071449134,199,FLAT 21 CHELSEA COURT ABDON AVENUE WEOLEY CASTLE BIRMINGHAM B29 4NU,100071570978,FLAT 21 CHELSEA COURT 21 ABDON AVENUE BIRMINGHAM BIRMINGHAM B29 4NU,9,primary num
10023588372,200,WESTON COURT WESTON ON AVON STRATFORD-UPON-AVON WARKS CV378JY,,WESTON COURT WESTON ROAD WESTON-ON-AVON WARWICKSHIRE CV37 8JY,8,repeated words
10008293978,201,ROOM 323 359 KINGSLAND ROAD LONDON E8 4DR,,359 KINGSLAND ROAD HACKNEY LONDON HACKNEY E8 4DR,9,room number
10012792711,202,RM 5 FLAT 22 SUNDIAL COURT 38-42 CHISWELL STREET LONDON EC1Y4SB,5300019643,FLAT 22 SUNDIAL COURT 38 42 CHISWELL STREET ISLINGTON LONDON ISLINGTON EC1Y 4SB,9,room number
10090002447,203,ROOM 3 FLAT 4 128 HIGH STREET NEWMARKET SUFFOLK CB8 8JP,100091634535,FLAT 4 128 HIGH STREET NEWMARKET SUFFOLK CB8 8JP,9,room number
100070270815,204,ROOM 7 6 ALCESTER ROAD MOSELEY BIRMINGHAM B13 8BE,,6 ALCESTER ROAD BIRMINGHAM BIRMINGHAM B13 8BE,9,room number
100070547914,205,ROOM 1 4 VICARAGE ROAD HOCKLEY BIRMINGHAM B18 5NG,,4 VICARAGE ROAD SOHO BIRMINGHAM BIRMINGHAM B18 5NG,9,room number
100071266120,206,ROOM 106 TRENTHAM HOUSE 45-49 BROAD ROAD ACOCKS GREEN BIRMINGHAM B27 7UX,,TRENTHAM HOUSE 45 49 BROAD ROAD BIRMINGHAM BIRMINGHAM B27 7UX,9,room number
200004169197,207,ROOM 8 84 CHESTERTON ROAD CAMBRIDGE CB4 1ER,,84 CHESTERTON ROAD CAMBRIDGE CAMBRIDGESHIRE CB4 1ER,9,room number
200003469598,208,ROOM 682 MANNA ASH HOUSE 8-20 POCOCK STREET LONDON SE1 0BW,,MANNA ASH HOUSE 8 16 POCOCK STREET LONDON SOUTHWARK SE1 0BW,9,"room,  num range"
10001126338,209,BISHOPS LODGE SUTTON COURT STOWEY STOWEY BRISTOL BS394DN,10001122083,BISHOP LODGE SUTTON COURT SUTTON COURT ACCESS ROAD STOWEY BRISTOL BATH AND NORTH EAST SOMERSET BS39 4DN,8,street description
10002007433,210,ROUNDWAY HILL FARM ROUNDWAY DEVIZES WILTS SN102HU,,ROUNDWAY HILL FARM FOLLY ROAD DEVIZES NORTH TO ROUNDWAY FARM ROUNDWAY WILTSHIRE SN10 2HU,8,street description
10003419555,211,BRADENEY HOUSE NURSING HOME WORFIELD BRIDGNORTH WV155NT,,BRADENEY HOUSE WYKEN JUNCTION TO STAFFORDSHIRE COUNTY BOUNDARY PILLAR BOX COTTAGE WORFIELD SHROPSHIRE WV15 5NT,8,street description
10008689374,212,NORTH VIEW BLACKFORD CARLISLE CA6 4EA,,NORTH VIEW ROAD LEADING FROM DANDY DINMONT CARAVAN PARK NORTH TO JUNCTION SOUTH OF DOWN BY RIGG BLACKFORD CUMBRIA CA6 4EA,8,street description
10008821337,213,BIRKBY FARM BIRKBY MARYPORT CUMBRIA CA156RG,,BIRKBY FARM ACCESS ROAD TO HOUSES FROM THE A596T BIRKBY CUMBRIA CA15 6RG,8,street description
10070524875,214,AMBER LODGE HIGH BANK HILL PENRITH CUMBRIA CA101EZ,,AMBER LODGE HIGH BANK HILL ON THE B6413 TO THE JUNCTION OF THE U3054 HIGH BANK HILL KIRKOSWALD CUMBRIA CA10 1EZ,8,street description
10070524891,215,THORNLEIGH HIGH BANK HILL PENRITH CUMBRIA CA101EZ,,THORNLEIGH HIGH BANK HILL ON THE B6413 TO THE JUNCTION OF THE U3054 HIGH BANK HILL KIRKOSWALD CUMBRIA CA10 1EZ,8,street description
10070526617,216,EDEN GRANGE OUTHGILL KIRKBY STEPHEN CUMBRIA CA174JU,,EDEN GRANGE ROAD FROM CATTLE GRID TO OUTHGILL OUTHGILL CUMBRIA CA17 4JU,8,street description
10070526624,217,OLD SCHOOL HOUSE OUTHGILL KIRKBY STEPHEN CUMBRIA CA174JU,,OLD SCHOOL HOUSE ROAD FROM CATTLE GRID TO OUTHGILL OUTHGILL CUMBRIA CA17 4JU,8,street description
10070527652,218,LEASES SMARDALE KIRKBY STEPHEN CUMBRIA CA174HQ,,LEASES WAITBY TO THE C3069 WAITBY CUMBRIA CA17 4HQ,8,street description
10070529099,219,COPPING HILL KIRKBY THORE PENRITH CUMBRIA CA101UA,,COPPING HILL MAIN STREET KIRKBY THORE CUMBRIA CA10 1UA,8,street description
10012116074,220,REDCOTE MAIN ROAD BOREHAM CHELMSFORD CM3 3AJ,,REDCOTE LONDON ROAD HATFIELD PEVEREL ESSEX CM3 3AJ,8,street town county
10034478278,221,FIRTH HOUSE KRUMLIN BARKISLAND HALIFAX W YORKSHIRE HX4 0EL,,FIRTH HOUSE SCAMMONDEN ROAD BARKISLAND SOWERBY BRIDGE CALDERDALE HX4 0EL,8,street town county
10035032814,222,UPPER ABBOTS ROYD CARAVAN PARK NORTHFIELD BARKISLAND HALIFAX W YORKSHIRE HX4 0DE,,UPPER ABBOTS ROYD SCAMMONDEN ROAD BARKISLAND SOWERBY BRIDGE CALDERDALE HX4 0DE,8,street town county
578576,223,CHURNGATE FARM KINGTON THORNBURY BRISTOL BS351NH,,CHURNGATE FARM CHURNGATE FARM LANE THORNBURY SOUTH GLOUCESTERSHIRE BS35 1NH,8,"street, city name diff"
270040,224,MONKS PARK HOUSE MONKS PARK AVENUE WESTBURY-ON-TRYM BRISTOL BS105NB,14373,MONKS PARK HOUSE SOUTHMEAD HOSPITAL SOUTHMEAD ROAD SOUTHMEAD BRISTOL BRISTOL BS10 5NB,8,"street, locality"
10008818264,225,REAY COTTAGE LOW SIDE CROSBY MARYPORT CUMBRIA CA156SH,,REAY COTTAGE CROSBY VILLAGE CROSBY CUMBRIA CA15 6SH,8,suburb
10070525100,226,BORRETT HOUSE BOLTON APPLEBY-IN-WESTMORLAND CUMBRIA CA166AL,,BORRETT HOUSE SOUTH END BOLTON CUMBRIA CA16 6AL,8,town
100032086519,227,WELBOURN MANOR NURSING HOME HIGH STREET WELBOURN LINCOLN LN5 0NN,,WELBOURN HALL NURSING HOME HALL LANE WELBOURN LINCOLN LINCOLNSHIRE LN5 0NN,8,unsure if correct
10001207887,228,CHYVOGUE FARM PERRANWELL STATION TRURO CORNWALL TR3 7JX,,CHYVOGUE FARM CHYVOGUE LANE PERRANWELL STATION CORNWALL TR3 7JX,8,
10003960340,229,APPLEGARTH WALL END KIRKBY-IN-FURNESS CUMBRIA LA177UL,,APPLEGARTH KIRKBY IN FURNESS KIRKBY IN FURNESS CUMBRIA LA17 7UL,8,
200000818616,230,TUSHINGHAM HOUSE WOBBS LANE TUSHINGHAM WHITCHURCH SHROPSHIRE SY134QR,,TUSHINGHAM HOUSE BELL O THE HILL ROAD TUSHINGHAM CUM GRINDLEY MALPAS CHESHIRE WEST AND CHESTER SY13 4QR,8,
